{"time_last_update":1782785148,"weights":{"thom":1.81,"rece":4.66,"freq":2,"ctr":9.54},"init_weights":{"thom":1.81,"rece":4.66,"freq":2,"ctr":9.54},"norms":{"rece":{"beta":0.001,"mean":5.971756624888381,"var":0.9970029992636996},"freq":{"beta":0.001,"mean":1167.546089433188,"var":0.997002999},"ctr":{"beta":0.001,"mean":0.000999000999000999,"var":0.997002999},"thom":{"beta":0.001,"mean":0.00037796966906072,"var":0.9970030128562696}},"score_map":{"2bDSZ2cO5j31":{"thom":0.003621183215093008,"rece":-0.0005135168344589186,"freq":0,"ctr":0,"final":-0.002392988448578561}}}